status_id,status_label,gini_mean,gini_min,gini_max,gini_sd,gini_trend_yr,gini_p,hhi_mean,hhi_min,hhi_max
0,Total,0.9347,0.9146,0.9583,0.0138,-0.00377,0.0000,0.0108,0.0064,0.0196
7,Not Located,0.9464,0.9258,0.9660,0.0109,-0.00321,0.0000,0.0111,0.0063,0.0192
2,Located Alive,0.9552,0.9353,0.9784,0.0130,-0.00350,0.0000,0.0162,0.0086,0.0419
3,Located Dead,0.9791,0.9627,0.9927,0.0068,-0.00166,0.0000,0.0268,0.0115,0.0776
